{"cameraMode":{"drawMode":0,"name":"Shaded","section":"Shading Mode"},"sceneLighting":true,"audioPlay":false,"sceneViewState":{"m_AlwaysRefresh":false,"showFog":true,"showSkybox":true,"showFlares":true,"showImageEffects":true,"showParticleSystems":true,"showVisualEffectGraphs":true,"m_FxEnabled":true},"in2DMode":false,"pivot":{"x":1.8129451274871827,"y":0.6928759813308716,"z":7.087191581726074},"rotation":{"x":-0.19308073818683625,"y":-0.03767024353146553,"z":0.007267166394740343,"w":-0.9806385636329651},"size":5.550034046173096,"orthographic":true}