{"cameraMode":{"drawMode":0,"name":"Shaded","section":"Shading Mode"},"sceneLighting":true,"audioPlay":false,"sceneViewState":{"m_AlwaysRefresh":false,"showFog":true,"showSkybox":false,"showFlares":true,"showImageEffects":true,"showParticleSystems":true,"showVisualEffectGraphs":true,"m_FxEnabled":true},"in2DMode":false,"pivot":{"x":-5.717567443847656,"y":5.431085586547852,"z":2.9601683616638185},"rotation":{"x":-0.013438677415251732,"y":0.0976470336318016,"z":-0.0012844750890508295,"w":-0.9951578378677368},"size":15.835394859313965,"orthographic":true}